Area Code,Area,Year,Cost of a healthy diet (PPP dollar per person per day),Cost of animal source foods,Cost of fruits,"Cost of legumes, nuts and seeds",Cost of oils and fats,Cost of starchy staples,Cost of vegetables,Number of people unable to afford a healthy diet (million),Percentage of the population unable to afford a healthy diet (percent)
1,Armenia,2017,3.096,0.973,0.488,0.541,0.123,0.537,0.433,1.1,37.1
1,Armenia,2018,3.166,,,,,,,1.1,37.9
1,Armenia,2019,3.237,,,,,,,1.1,40.0
1,Armenia,2020,3.247,,,,,,,1.1,39.0
1,Armenia,2021,3.527,,,,,,,1.2,41.4
3,Albania,2017,3.952,1.204,0.911,0.441,0.089,0.599,0.707,0.9,31.3
3,Albania,2018,4.069,,,,,,,0.7,23.0
3,Albania,2019,4.262,,,,,,,0.6,22.2
3,Albania,2020,4.28,,,,,,,0.6,19.9
3,Albania,2021,4.388,,,,,,,0.4,15.9
4,Algeria,2017,3.763,0.964,0.979,0.493,0.132,0.496,0.699,13.4,32.5
4,Algeria,2018,3.822,,,,,,,13.1,31.2
4,Algeria,2019,3.796,,,,,,,12.5,29.2
4,Algeria,2020,3.76,,,,,,,13.5,31.1
4,Algeria,2021,4.043,,,,,,,14.3,32.4
7,Angola,2017,4.327,1.011,0.717,0.395,0.166,0.839,1.199,24.6,81.4
7,Angola,2018,4.293,,,,,,,25.8,82.7
7,Angola,2019,4.352,,,,,,,27.1,83.9
7,Angola,2020,4.585,,,,,,,29.0,86.7
7,Angola,2021,5.031,,,,,,,30.4,88.1
8,Antigua and Barbuda,2017,4.112,0.682,1.003,0.429,0.115,0.604,1.279,,
8,Antigua and Barbuda,2018,4.302,,,,,,,,
8,Antigua and Barbuda,2019,4.391,,,,,,,,
8,Antigua and Barbuda,2020,4.504,,,,,,,,
8,Antigua and Barbuda,2021,4.684,,,,,,,,
9,Argentina,2017,3.341,0.669,0.733,0.656,0.117,0.463,0.703,3.0,6.8
10,Australia,2017,2.259,0.458,0.667,0.249,0.067,0.221,0.597,0.2,0.7
10,Australia,2018,2.283,,,,,,,0.2,0.7
10,Australia,2019,2.296,,,,,,,0.2,0.7
10,Australia,2020,2.389,,,,,,,0.2,0.7
10,Australia,2021,2.437,,,,,,,0.2,0.7
11,Austria,2017,2.772,0.612,0.819,0.36,0.055,0.229,0.698,0.1,0.6
11,Austria,2018,2.848,,,,,,,0.1,0.8
11,Austria,2019,2.915,,,,,,,0.1,0.8
11,Austria,2020,3.004,,,,,,,0.1,1.0
11,Austria,2021,3.027,,,,,,,0.1,0.9
12,Bahamas,2017,4.276,0.848,1.03,0.656,0.453,0.574,0.716,,
12,Bahamas,2018,4.387,,,,,,,,
12,Bahamas,2019,4.364,,,,,,,,
12,Bahamas,2020,4.488,,,,,,,,
12,Bahamas,2021,4.661,,,,,,,,
13,Bahrain,2017,3.379,1.006,0.474,0.373,0.185,0.653,0.688,,
13,Bahrain,2018,3.463,,,,,,,,
13,Bahrain,2019,3.573,,,,,,,,
13,Bahrain,2020,3.835,,,,,,,,
13,Bahrain,2021,4.036,,,,,,,,
16,Bangladesh,2017,2.882,1.143,0.559,0.227,0.118,0.359,0.477,121.8,75.3
16,Bangladesh,2018,2.971,,,,,,,118.7,72.5
16,Bangladesh,2019,3.024,,,,,,,117.1,70.8
16,Bangladesh,2020,3.064,,,,,,,115.0,68.7
16,Bangladesh,2021,3.201,,,,,,,111.9,66.1
17,Bermuda,2017,4.072,0.502,0.478,0.53,0.165,0.743,1.652,,
17,Bermuda,2018,3.789,,,,,,,,
17,Bermuda,2019,3.834,,,,,,,,
17,Bermuda,2020,3.718,,,,,,,,
17,Bermuda,2021,3.395,,,,,,,,
18,Bhutan,2017,4.383,1.191,1.122,0.427,0.164,0.54,0.94,0.4,51.2
18,Bhutan,2018,4.587,,,,,,,0.3,45.5
18,Bhutan,2019,4.712,,,,,,,0.3,42.3
18,Bhutan,2020,5.02,,,,,,,0.4,45.7
18,Bhutan,2021,5.339,,,,,,,0.4,45.2
19,Bolivia (Plurinational State of),2017,3.551,1.046,0.411,0.53,0.14,0.781,0.644,2.4,20.9
19,Bolivia (Plurinational State of),2018,3.648,,,,,,,2.2,19.1
19,Bolivia (Plurinational State of),2019,3.769,,,,,,,1.9,16.0
19,Bolivia (Plurinational State of),2020,3.755,,,,,,,2.1,17.2
19,Bolivia (Plurinational State of),2021,3.927,,,,,,,1.8,15.1
20,Botswana,2017,3.622,1.097,0.795,0.402,0.142,0.39,0.796,1.5,63.2
20,Botswana,2018,3.575,,,,,,,1.5,60.8
20,Botswana,2019,3.591,,,,,,,1.5,59.8
20,Botswana,2020,3.701,,,,,,,1.6,63.4
20,Botswana,2021,3.829,,,,,,,1.6,60.3
21,Brazil,2017,2.809,0.635,0.46,0.742,0.067,0.439,0.465,41.0,19.6
21,Brazil,2018,2.8,,,,,,,38.9,18.5
21,Brazil,2019,2.882,,,,,,,39.9,18.8
21,Brazil,2020,3.084,,,,,,,27.1,12.7
21,Brazil,2021,3.35,,,,,,,48.1,22.4
22,Aruba,2017,3.418,0.718,0.475,0.407,0.115,0.797,0.907,,
22,Aruba,2018,3.62,,,,,,,,
22,Aruba,2019,3.907,,,,,,,,
22,Aruba,2020,4.007,,,,,,,,
22,Aruba,2021,4.116,,,,,,,,
23,Belize,2017,2.476,0.776,0.162,0.224,0.129,0.38,0.805,0.2,50.9
23,Belize,2018,2.517,,,,,,,0.2,50.7
23,Belize,2019,2.574,,,,,,,0.2,49.4
23,Belize,2020,2.632,,,,,,,0.2,57.0
23,Belize,2021,2.797,,,,,,,0.2,53.0
26,Brunei Darussalam,2017,4.126,1.123,0.894,0.405,0.098,0.674,0.932,,
26,Brunei Darussalam,2018,4.263,,,,,,,,
26,Brunei Darussalam,2019,4.327,,,,,,,,
26,Brunei Darussalam,2020,4.405,,,,,,,,
26,Brunei Darussalam,2021,4.641,,,,,,,,
27,Bulgaria,2017,3.78,0.963,0.959,0.478,0.101,0.504,0.774,0.8,10.6
27,Bulgaria,2018,3.876,,,,,,,0.6,8.6
27,Bulgaria,2019,4.036,,,,,,,0.6,8.1
27,Bulgaria,2020,4.129,,,,,,,0.4,5.8
27,Bulgaria,2021,4.151,,,,,,,0.3,4.2
28,Myanmar,2017,3.706,1.029,0.64,0.368,0.111,0.645,0.913,37.1,71.0
28,Myanmar,2018,3.786,,,,,,,35.1,66.6
28,Myanmar,2019,3.861,,,,,,,33.5,63.3
28,Myanmar,2020,3.925,,,,,,,33.3,62.3
28,Myanmar,2021,4.206,,,,,,,39.7,73.8
29,Burundi,2017,2.988,1.112,0.447,0.174,0.107,0.615,0.532,10.7,95.8
29,Burundi,2018,2.804,,,,,,,10.9,95.0
29,Burundi,2019,2.783,,,,,,,11.3,95.0
29,Burundi,2020,2.943,,,,,,,11.7,95.7
29,Burundi,2021,3.138,,,,,,,12.0,95.9
32,Cameroon,2017,2.616,0.837,0.447,0.144,0.116,0.48,0.592,14.4,59.2
32,Cameroon,2018,2.684,,,,,,,14.7,58.8
32,Cameroon,2019,2.744,,,,,,,15.1,58.7
32,Cameroon,2020,2.808,,,,,,,15.8,59.8
32,Cameroon,2021,2.997,,,,,,,16.5,60.5
33,Canada,2017,2.863,0.766,0.673,0.31,0.078,0.43,0.605,0.3,0.7
33,Canada,2018,2.911,,,,,,,0.3,0.7
33,Canada,2019,2.927,,,,,,,0.3,0.7
33,Canada,2020,3.017,,,,,,,0.3,0.7
33,Canada,2021,3.065,,,,,,,0.2,0.4
35,Cabo Verde,2017,3.358,0.779,0.823,0.281,0.098,0.342,1.036,0.3,44.5
35,Cabo Verde,2018,3.413,,,,,,,0.2,42.2
35,Cabo Verde,2019,3.484,,,,,,,0.2,39.7
35,Cabo Verde,2020,3.563,,,,,,,0.3,44.0
35,Cabo Verde,2021,3.683,,,,,,,0.2,41.2
36,Cayman Islands,2017,2.928,0.585,0.654,0.257,0.125,0.556,0.75,,
36,Cayman Islands,2018,2.866,,,,,,,,
36,Cayman Islands,2019,2.701,,,,,,,,
36,Cayman Islands,2020,2.91,,,,,,,,
36,Cayman Islands,2021,3.05,,,,,,,,
37,Central African Republic,2017,3.423,1.284,0.345,0.141,0.174,0.525,0.955,4.7,94.6
37,Central African Republic,2018,3.507,,,,,,,4.8,94.5
37,Central African Republic,2019,3.57,,,,,,,4.9,94.4
37,Central African Republic,2020,3.615,,,,,,,5.0,94.5
37,Central African Republic,2021,3.784,,,,,,,5.2,94.6
38,Sri Lanka,2017,3.702,0.999,0.899,0.192,0.321,0.493,0.799,12.1,56.6
38,Sri Lanka,2018,3.705,,,,,,,11.3,52.0
38,Sri Lanka,2019,3.667,,,,,,,10.6,48.5
38,Sri Lanka,2020,3.923,,,,,,,11.8,54.0
38,Sri Lanka,2021,4.268,,,,,,,12.3,55.5
39,Chad,2017,2.831,0.882,0.39,0.187,0.172,0.497,0.703,12.5,82.7
39,Chad,2018,2.735,,,,,,,12.6,80.9
39,Chad,2019,2.666,,,,,,,12.8,79.3
39,Chad,2020,2.827,,,,,,,13.7,82.4
39,Chad,2021,2.941,,,,,,,14.3,83.1
40,Chile,2017,3.053,0.765,0.619,0.261,0.116,0.352,0.94,0.8,4.6
40,Chile,2018,3.18,,,,,,,0.8,4.5
40,Chile,2019,3.276,,,,,,,0.9,4.7
40,Chile,2020,3.349,,,,,,,1.1,5.9
40,Chile,2021,3.387,,,,,,,0.7,3.5
351,"China, mainland",2017,2.571,0.672,0.617,0.281,0.093,0.429,0.478,232.2,16.6
351,"China, mainland",2018,2.63,,,,,,,190.8,13.6
351,"China, mainland",2019,2.792,,,,,,,171.9,12.2
351,"China, mainland",2020,2.983,,,,,,,224.4,15.9
351,"China, mainland",2021,2.96,,,,,,,153.9,10.9
44,Colombia,2017,2.863,0.798,0.492,0.262,0.146,0.548,0.617,12.0,24.8
44,Colombia,2018,2.893,,,,,,,12.0,24.3
44,Colombia,2019,2.932,,,,,,,12.7,25.4
44,Colombia,2020,3.08,,,,,,,17.2,33.7
44,Colombia,2021,3.301,,,,,,,16.1,31.3
46,Congo,2017,3.343,0.633,0.733,0.224,0.1,0.532,1.12,4.7,88.6
46,Congo,2018,3.385,,,,,,,4.9,90.0
46,Congo,2019,3.365,,,,,,,5.0,90.0
46,Congo,2020,3.421,,,,,,,5.2,90.8
46,Congo,2021,3.626,,,,,,,5.3,91.5
48,Costa Rica,2017,3.961,0.863,0.587,0.411,0.094,0.617,1.388,0.8,16.0
48,Costa Rica,2018,4.0,,,,,,,0.8,16.3
48,Costa Rica,2019,4.048,,,,,,,0.8,16.3
48,Costa Rica,2020,3.889,,,,,,,1.1,21.0
48,Costa Rica,2021,3.925,,,,,,,0.7,14.2
50,Cyprus,2017,2.846,0.697,0.724,0.279,0.08,0.416,0.65,0.0,0.1
50,Cyprus,2018,2.88,,,,,,,0.0,0.1
50,Cyprus,2019,2.947,,,,,,,0.0,0.3
50,Cyprus,2020,2.991,,,,,,,0.0,0.1
50,Cyprus,2021,2.955,,,,,,,0.0,0.0
52,Azerbaijan,2017,2.348,0.729,0.26,0.463,0.132,0.448,0.317,0.0,0.0
52,Azerbaijan,2018,2.399,,,,,,,0.0,0.0
52,Azerbaijan,2019,2.459,,,,,,,0.0,0.0
52,Azerbaijan,2020,2.533,,,,,,,0.0,0.0
52,Azerbaijan,2021,2.69,,,,,,,0.0,0.0
53,Benin,2017,3.55,1.168,0.538,0.297,0.125,0.41,1.012,10.5,90.6
53,Benin,2018,3.67,,,,,,,10.4,86.8
53,Benin,2019,3.664,,,,,,,10.1,82.4
53,Benin,2020,3.707,,,,,,,10.4,82.1
53,Benin,2021,4.041,,,,,,,10.7,82.6
54,Denmark,2017,2.376,0.498,0.546,0.263,0.053,0.235,0.78,0.0,0.2
54,Denmark,2018,2.44,,,,,,,0.0,0.2
54,Denmark,2019,2.491,,,,,,,0.0,0.4
54,Denmark,2020,2.508,,,,,,,0.0,0.3
54,Denmark,2021,2.5,,,,,,,0.0,0.2
55,Dominica,2017,4.0,0.841,0.66,0.363,0.146,0.764,1.226,,
55,Dominica,2018,4.146,,,,,,,,
55,Dominica,2019,4.236,,,,,,,,
55,Dominica,2020,4.345,,,,,,,,
55,Dominica,2021,4.561,,,,,,,,
56,Dominican Republic,2017,3.521,0.898,0.534,0.362,0.181,0.681,0.865,2.6,24.9
56,Dominican Republic,2018,3.608,,,,,,,2.3,21.7
56,Dominican Republic,2019,3.744,,,,,,,2.2,20.6
56,Dominican Republic,2020,3.884,,,,,,,2.7,25.0
56,Dominican Republic,2021,4.128,,,,,,,2.9,25.8
57,Belarus,2017,3.177,0.826,0.678,0.643,0.174,0.506,0.349,0.2,2.1
57,Belarus,2018,3.228,,,,,,,0.1,1.1
57,Belarus,2019,3.31,,,,,,,0.1,1.4
57,Belarus,2020,3.31,,,,,,,0.1,0.7
57,Belarus,2021,3.471,,,,,,,0.0,0.5
58,Ecuador,2017,2.788,0.753,0.329,0.341,0.129,0.81,0.426,2.9,17.6
58,Ecuador,2018,2.816,,,,,,,3.1,18.3
58,Ecuador,2019,2.861,,,,,,,3.4,19.8
58,Ecuador,2020,2.928,,,,,,,4.4,25.1
58,Ecuador,2021,3.035,,,,,,,3.5,19.7
59,Egypt,2017,3.457,1.209,0.531,0.384,0.264,0.58,0.489,68.6,67.4
59,Egypt,2018,3.507,,,,,,,72.7,70.1
59,Egypt,2019,3.503,,,,,,,70.9,67.2
59,Egypt,2020,3.369,,,,,,,67.9,63.2
59,Egypt,2021,3.506,,,,,,,67.3,61.6
61,Equatorial Guinea,2017,3.526,0.804,0.593,0.234,0.119,0.623,1.152,,
61,Equatorial Guinea,2018,3.599,,,,,,,,
61,Equatorial Guinea,2019,3.635,,,,,,,,
61,Equatorial Guinea,2020,3.676,,,,,,,,
61,Equatorial Guinea,2021,3.751,,,,,,,,
63,Estonia,2017,3.125,0.752,0.742,0.671,0.085,0.333,0.542,0.0,1.0
63,Estonia,2018,3.188,,,,,,,0.0,0.8
63,Estonia,2019,3.284,,,,,,,0.0,1.3
63,Estonia,2020,3.35,,,,,,,0.0,1.1
63,Estonia,2021,3.29,,,,,,,0.0,0.8
66,Fiji,2017,3.612,1.001,0.914,0.198,0.187,0.516,0.795,0.4,44.9
66,Fiji,2018,3.677,,,,,,,0.4,45.8
66,Fiji,2019,3.858,,,,,,,0.5,52.9
66,Fiji,2020,3.914,,,,,,,0.5,56.8
66,Fiji,2021,4.358,,,,,,,0.6,63.7
67,Finland,2017,2.545,0.543,0.597,0.407,0.077,0.195,0.727,0.0,0.1
67,Finland,2018,2.624,,,,,,,0.0,0.2
67,Finland,2019,2.704,,,,,,,0.0,0.1
67,Finland,2020,2.732,,,,,,,0.0,0.1
67,Finland,2021,2.716,,,,,,,0.0,0.0
68,France,2017,2.936,0.64,0.859,0.277,0.066,0.246,0.848,0.0,0.1
68,France,2018,3.019,,,,,,,0.1,0.1
68,France,2019,3.177,,,,,,,0.2,0.3
68,France,2020,3.238,,,,,,,0.2,0.3
68,France,2021,3.254,,,,,,,0.1,0.2
72,Djibouti,2017,2.797,0.988,0.556,0.165,0.111,0.449,0.529,0.7,65.8
72,Djibouti,2018,2.866,,,,,,,0.7,66.4
72,Djibouti,2019,2.985,,,,,,,0.7,65.2
72,Djibouti,2020,3.112,,,,,,,0.7,66.7
72,Djibouti,2021,3.25,,,,,,,0.7,65.3
74,Gabon,2017,3.358,0.735,0.568,0.221,0.106,0.553,1.174,0.6,28.5
74,Gabon,2018,3.403,,,,,,,0.6,28.6
74,Gabon,2019,3.485,,,,,,,0.6,28.4
74,Gabon,2020,3.553,,,,,,,0.7,29.9
74,Gabon,2021,3.704,,,,,,,0.7,29.9
75,Gambia,2017,2.942,0.589,0.659,0.141,0.165,0.49,0.897,1.7,72.6
75,Gambia,2018,3.008,,,,,,,1.7,70.8
75,Gambia,2019,3.054,,,,,,,1.7,69.6
75,Gambia,2020,3.11,,,,,,,1.8,71.8
75,Gambia,2021,3.324,,,,,,,1.9,72.2
79,Germany,2017,2.786,0.666,0.714,0.301,0.052,0.235,0.816,0.6,0.7
79,Germany,2018,2.917,,,,,,,0.2,0.2
79,Germany,2019,2.984,,,,,,,0.2,0.2
79,Germany,2020,3.038,,,,,,,0.2,0.2
79,Germany,2021,3.082,,,,,,,0.2,0.2
80,Bosnia and Herzegovina,2017,3.847,0.921,0.916,0.512,0.132,0.54,0.825,0.2,4.7
80,Bosnia and Herzegovina,2018,3.907,,,,,,,0.1,4.0
80,Bosnia and Herzegovina,2019,4.043,,,,,,,0.1,3.9
80,Bosnia and Herzegovina,2020,3.961,,,,,,,0.1,3.0
80,Bosnia and Herzegovina,2021,4.105,,,,,,,0.1,3.0
81,Ghana,2017,3.767,1.235,0.395,0.172,0.15,0.552,1.263,24.2,80.0
81,Ghana,2018,3.86,,,,,,,24.3,78.6
81,Ghana,2019,3.942,,,,,,,24.3,77.0
81,Ghana,2020,4.036,,,,,,,25.1,78.1
81,Ghana,2021,4.237,,,,,,,25.4,77.4
84,Greece,2017,3.037,0.797,0.581,0.41,0.096,0.41,0.742,0.4,3.8
84,Greece,2018,3.102,,,,,,,0.2,2.1
84,Greece,2019,3.167,,,,,,,0.3,2.9
84,Greece,2020,3.14,,,,,,,0.3,2.7
84,Greece,2021,3.174,,,,,,,0.2,2.2
86,Grenada,2017,5.382,1.335,1.207,0.69,0.18,0.781,1.189,,
86,Grenada,2018,5.536,,,,,,,,
86,Grenada,2019,5.625,,,,,,,,
86,Grenada,2020,5.796,,,,,,,,
86,Grenada,2021,6.097,,,,,,,,
90,Guinea,2017,3.655,0.559,0.453,0.188,0.179,0.495,1.781,10.8,88.5
90,Guinea,2018,3.863,,,,,,,11.2,89.0
90,Guinea,2019,4.001,,,,,,,11.4,88.8
90,Guinea,2020,4.127,,,,,,,11.7,88.7
90,Guinea,2021,4.443,,,,,,,12.1,89.1
91,Guyana,2017,4.629,0.922,1.282,0.666,0.132,0.509,1.117,0.3,45.0
91,Guyana,2018,4.742,,,,,,,0.3,44.5
91,Guyana,2019,4.828,,,,,,,0.3,42.0
91,Guyana,2020,4.887,,,,,,,0.2,24.9
91,Guyana,2021,5.117,,,,,,,0.1,18.5
93,Haiti,2017,3.93,1.583,0.377,0.35,0.128,0.646,0.845,9.2,84.7
93,Haiti,2018,4.075,,,,,,,9.3,84.7
93,Haiti,2019,4.275,,,,,,,9.7,86.9
93,Haiti,2020,4.49,,,,,,,10.1,88.9
93,Haiti,2021,4.814,,,,,,,10.6,92.6
95,Honduras,2017,3.36,1.083,0.484,0.229,0.248,0.637,0.68,4.7,48.5
95,Honduras,2018,3.415,,,,,,,4.7,48.0
95,Honduras,2019,3.404,,,,,,,4.6,46.5
95,Honduras,2020,3.486,,,,,,,5.0,49.7
95,Honduras,2021,3.595,,,,,,,4.6,44.8
97,Hungary,2017,3.302,0.805,0.828,0.42,0.089,0.407,0.754,0.4,3.7
97,Hungary,2018,3.383,,,,,,,0.2,2.4
97,Hungary,2019,3.49,,,,,,,0.2,2.2
97,Hungary,2020,3.507,,,,,,,0.2,2.0
97,Hungary,2021,3.418,,,,,,,0.1,1.5
98,Croatia,2017,4.168,0.955,0.95,0.556,0.073,0.496,1.138,0.3,6.2
98,Croatia,2018,4.22,,,,,,,0.2,4.1
98,Croatia,2019,4.273,,,,,,,0.1,3.4
98,Croatia,2020,4.301,,,,,,,0.1,3.3
98,Croatia,2021,4.29,,,,,,,0.1,1.8
99,Iceland,2017,2.213,0.596,0.484,0.277,0.055,0.277,0.525,0.0,0.0
99,Iceland,2018,2.247,,,,,,,0.0,0.0
99,Iceland,2019,2.314,,,,,,,0.0,0.0
99,Iceland,2020,2.42,,,,,,,0.0,0.0
99,Iceland,2021,2.416,,,,,,,0.0,0.1
100,India,2017,2.824,0.892,0.504,0.292,0.142,0.407,0.588,1066.8,78.8
100,India,2018,2.83,,,,,,,1001.9,73.2
100,India,2019,2.877,,,,,,,986.9,71.4
100,India,2020,2.97,,,,,,,1064.0,76.2
100,India,2021,3.066,,,,,,,1043.0,74.1
101,Indonesia,2017,4.129,0.929,0.792,0.429,0.13,0.69,1.16,192.5,72.8
101,Indonesia,2018,4.273,,,,,,,189.6,71.0
101,Indonesia,2019,4.268,,,,,,,187.4,69.5
101,Indonesia,2020,4.466,,,,,,,190.9,70.2
101,Indonesia,2021,4.729,,,,,,,193.7,70.8
102,Iran (Islamic Republic of),2017,3.005,0.704,0.627,0.575,0.165,0.444,0.49,12.2,14.4
102,Iran (Islamic Republic of),2018,3.212,,,,,,,14.3,16.6
102,Iran (Islamic Republic of),2019,3.642,,,,,,,22.2,25.7
102,Iran (Islamic Republic of),2020,3.605,,,,,,,22.3,25.5
102,Iran (Islamic Republic of),2021,4.167,,,,,,,26.4,30.0
103,Iraq,2017,3.378,0.999,0.654,0.285,0.133,0.639,0.667,6.7,16.8
103,Iraq,2018,3.464,,,,,,,6.8,16.8
103,Iraq,2019,3.534,,,,,,,6.4,15.5
103,Iraq,2020,3.54,,,,,,,8.2,19.2
103,Iraq,2021,3.665,,,,,,,8.0,18.4
104,Ireland,2017,2.397,0.523,0.621,0.285,0.06,0.326,0.582,0.0,0.4
104,Ireland,2018,2.341,,,,,,,0.0,0.1
104,Ireland,2019,2.34,,,,,,,0.0,0.1
104,Ireland,2020,2.204,,,,,,,0.0,0.2
104,Ireland,2021,2.15,,,,,,,0.0,0.1
105,Israel,2017,2.436,0.842,0.562,0.216,0.074,0.345,0.397,0.2,1.9
105,Israel,2018,2.5,,,,,,,0.1,1.2
105,Israel,2019,2.482,,,,,,,0.1,1.2
105,Israel,2020,2.473,,,,,,,0.1,1.2
105,Israel,2021,2.524,,,,,,,0.1,1.2
106,Italy,2017,2.885,0.778,0.812,0.266,0.057,0.221,0.751,1.7,2.8
106,Italy,2018,2.979,,,,,,,1.7,2.8
106,Italy,2019,3.121,,,,,,,1.2,2.1
106,Italy,2020,3.154,,,,,,,1.1,1.8
106,Italy,2021,3.168,,,,,,,0.9,1.5
107,Côte d'Ivoire,2017,3.273,1.111,0.39,0.149,0.148,0.434,1.041,19.3,77.7
107,Côte d'Ivoire,2018,3.357,,,,,,,18.7,73.4
107,Côte d'Ivoire,2019,3.506,,,,,,,18.8,72.0
107,Côte d'Ivoire,2020,3.61,,,,,,,19.5,72.8
107,Côte d'Ivoire,2021,3.909,,,,,,,20.0,72.9
108,Kazakhstan,2017,2.391,0.672,0.356,0.466,0.124,0.43,0.344,0.5,2.5
108,Kazakhstan,2018,2.426,,,,,,,0.3,1.7
108,Kazakhstan,2019,2.537,,,,,,,0.3,1.6
108,Kazakhstan,2020,2.657,,,,,,,0.5,2.6
108,Kazakhstan,2021,2.852,,,,,,,0.4,2.3
109,Jamaica,2017,5.975,1.144,1.997,0.454,0.242,0.684,1.454,1.6,57.9
109,Jamaica,2018,6.141,,,,,,,1.6,57.1
109,Jamaica,2019,6.398,,,,,,,1.6,57.9
109,Jamaica,2020,6.681,,,,,,,1.8,64.0
109,Jamaica,2021,7.033,,,,,,,1.8,62.6
110,Japan,2017,5.529,0.887,1.003,0.51,0.085,1.477,1.567,3.4,2.7
110,Japan,2018,5.701,,,,,,,3.4,2.7
110,Japan,2019,5.565,,,,,,,3.1,2.5
110,Japan,2020,5.647,,,,,,,3.4,2.7
110,Japan,2021,5.638,,,,,,,2.5,2.0
112,Jordan,2017,3.412,1.288,0.604,0.324,0.127,0.402,0.667,0.6,6.1
112,Jordan,2018,3.454,,,,,,,0.6,5.7
112,Jordan,2019,3.5,,,,,,,0.7,6.5
112,Jordan,2020,3.614,,,,,,,0.8,7.4
112,Jordan,2021,3.737,,,,,,,0.8,7.1
113,Kyrgyzstan,2017,2.97,0.796,0.466,0.562,0.172,0.529,0.445,3.5,56.3
113,Kyrgyzstan,2018,2.931,,,,,,,3.0,47.2
113,Kyrgyzstan,2019,2.991,,,,,,,2.9,45.0
113,Kyrgyzstan,2020,3.18,,,,,,,3.6,55.3
113,Kyrgyzstan,2021,3.51,,,,,,,3.9,58.2
114,Kenya,2017,2.846,0.935,0.569,0.216,0.179,0.432,0.515,37.9,77.4
114,Kenya,2018,2.823,,,,,,,37.2,74.5
114,Kenya,2019,2.907,,,,,,,37.6,73.7
114,Kenya,2020,2.968,,,,,,,38.7,74.5
114,Kenya,2021,3.189,,,,,,,39.2,74.0
115,Cambodia,2017,3.618,1.226,0.526,0.422,0.15,0.503,0.791,,
115,Cambodia,2018,3.706,,,,,,,,
115,Cambodia,2019,3.778,,,,,,,,
115,Cambodia,2020,3.888,,,,,,,,
115,Cambodia,2021,4.064,,,,,,,,
117,Republic of Korea,2017,4.712,1.188,1.331,0.365,0.078,0.485,1.265,1.2,2.2
117,Republic of Korea,2018,4.9,,,,,,,1.0,2.0
117,Republic of Korea,2019,4.831,,,,,,,0.9,1.7
117,Republic of Korea,2020,5.111,,,,,,,1.2,2.2
117,Republic of Korea,2021,5.34,,,,,,,0.8,1.5
118,Kuwait,2017,3.344,1.024,0.64,0.333,0.169,0.253,0.924,,
118,Kuwait,2018,3.407,,,,,,,,
118,Kuwait,2019,3.468,,,,,,,,
118,Kuwait,2020,3.606,,,,,,,,
118,Kuwait,2021,3.997,,,,,,,,
119,Latvia,2017,3.124,0.794,0.648,0.314,0.111,0.335,0.921,0.1,3.4
119,Latvia,2018,3.13,,,,,,,0.0,2.4
119,Latvia,2019,3.245,,,,,,,0.0,1.9
119,Latvia,2020,3.269,,,,,,,0.0,1.9
119,Latvia,2021,3.254,,,,,,,0.0,1.5
120,Lao People's Democratic Republic,2017,3.776,1.105,0.736,0.394,0.172,0.478,0.892,5.3,75.3
120,Lao People's Democratic Republic,2018,3.838,,,,,,,5.2,73.6
120,Lao People's Democratic Republic,2019,3.959,,,,,,,5.2,72.7
120,Lao People's Democratic Republic,2020,4.141,,,,,,,5.5,74.7
120,Lao People's Democratic Republic,2021,4.305,,,,,,,5.5,74.0
122,Lesotho,2017,3.77,1.172,0.838,0.362,0.148,0.462,0.788,1.8,83.2
122,Lesotho,2018,3.878,,,,,,,1.8,83.4
122,Lesotho,2019,4.01,,,,,,,1.9,83.8
122,Lesotho,2020,4.266,,,,,,,2.0,87.0
122,Lesotho,2021,4.618,,,,,,,2.0,87.9
123,Liberia,2017,4.018,0.685,0.901,0.229,0.092,1.27,0.84,4.4,91.8
123,Liberia,2018,4.032,,,,,,,4.5,91.6
123,Liberia,2019,3.852,,,,,,,4.6,91.4
123,Liberia,2020,3.907,,,,,,,4.7,91.6
123,Liberia,2021,4.447,,,,,,,4.8,92.8
126,Lithuania,2017,3.003,0.702,0.67,0.343,0.086,0.368,0.834,0.1,3.3
126,Lithuania,2018,3.042,,,,,,,0.1,2.3
126,Lithuania,2019,3.148,,,,,,,0.0,1.2
126,Lithuania,2020,3.132,,,,,,,0.0,1.1
126,Lithuania,2021,3.108,,,,,,,0.0,0.7
129,Madagascar,2017,2.987,1.02,0.563,0.328,0.197,0.555,0.324,25.4,97.1
129,Madagascar,2018,3.122,,,,,,,26.1,97.3
129,Madagascar,2019,3.154,,,,,,,26.7,97.1
129,Madagascar,2020,3.181,,,,,,,27.6,97.8
129,Madagascar,2021,3.382,,,,,,,28.3,97.8
130,Malawi,2017,2.724,1.085,0.396,0.13,0.176,0.328,0.61,16.9,94.5
130,Malawi,2018,2.809,,,,,,,17.4,94.9
130,Malawi,2019,2.989,,,,,,,18.0,95.4
130,Malawi,2020,3.149,,,,,,,18.6,95.8
130,Malawi,2021,3.365,,,,,,,19.1,95.9
131,Malaysia,2017,3.224,0.83,0.929,0.294,0.067,0.456,0.648,1.0,3.0
131,Malaysia,2018,3.319,,,,,,,0.8,2.5
131,Malaysia,2019,3.412,,,,,,,0.7,2.1
131,Malaysia,2020,3.538,,,,,,,0.9,2.8
131,Malaysia,2021,3.679,,,,,,,0.8,2.5
132,Maldives,2017,3.581,0.906,0.861,0.409,0.099,0.239,1.067,0.0,3.4
132,Maldives,2018,3.634,,,,,,,0.0,2.0
132,Maldives,2019,3.662,,,,,,,0.0,1.1
132,Maldives,2020,3.861,,,,,,,0.0,5.3
132,Maldives,2021,4.095,,,,,,,0.0,1.2
133,Mali,2017,2.9,1.003,0.543,0.134,0.143,0.43,0.648,14.9,77.3
133,Mali,2018,3.035,,,,,,,14.9,74.5
133,Mali,2019,2.96,,,,,,,14.3,69.7
133,Mali,2020,3.053,,,,,,,15.2,71.4
133,Mali,2021,3.23,,,,,,,15.8,72.0
134,Malta,2017,3.494,0.795,0.931,0.45,0.08,0.508,0.73,0.0,0.3
134,Malta,2018,3.645,,,,,,,0.0,0.3
134,Malta,2019,3.866,,,,,,,0.0,0.7
134,Malta,2020,3.824,,,,,,,0.0,0.8
134,Malta,2021,3.917,,,,,,,0.0,0.8
136,Mauritania,2017,3.451,0.96,0.804,0.194,0.16,0.463,0.87,2.6,61.7
136,Mauritania,2018,3.574,,,,,,,2.6,61.1
136,Mauritania,2019,3.654,,,,,,,2.6,59.7
136,Mauritania,2020,3.692,,,,,,,2.7,60.9
136,Mauritania,2021,3.948,,,,,,,2.9,62.4
137,Mauritius,2017,3.313,0.876,0.565,0.296,0.1,0.407,1.07,0.1,10.9
137,Mauritius,2018,3.396,,,,,,,0.1,9.5
137,Mauritius,2019,3.439,,,,,,,0.1,8.6
137,Mauritius,2020,3.604,,,,,,,0.2,14.7
137,Mauritius,2021,3.785,,,,,,,0.2,14.0
138,Mexico,2017,2.993,0.766,0.599,0.35,0.096,0.411,0.771,29.9,24.3
138,Mexico,2018,3.071,,,,,,,28.7,23.1
138,Mexico,2019,3.039,,,,,,,27.0,21.6
138,Mexico,2020,3.074,,,,,,,29.1,23.1
138,Mexico,2021,3.205,,,,,,,25.6,20.2
141,Mongolia,2017,4.544,0.756,1.921,0.468,0.167,0.553,0.68,1.8,58.5
141,Mongolia,2018,4.666,,,,,,,1.7,55.2
141,Mongolia,2019,4.9,,,,,,,1.8,55.0
141,Mongolia,2020,5.115,,,,,,,2.0,60.0
141,Mongolia,2021,5.676,,,,,,,2.1,64.1
142,Montserrat,2017,,0.799,0.876,0.462,0.201,0.76,1.785,,
143,Morocco,2017,2.71,0.798,0.539,0.358,0.119,0.41,0.485,6.3,17.7
143,Morocco,2018,2.752,,,,,,,6.0,16.8
143,Morocco,2019,2.759,,,,,,,5.7,15.7
143,Morocco,2020,2.797,,,,,,,6.5,17.7
143,Morocco,2021,2.905,,,,,,,5.7,15.5
144,Mozambique,2017,3.031,0.993,0.389,0.208,0.191,0.408,0.843,26.1,91.2
144,Mozambique,2018,2.988,,,,,,,26.7,90.6
144,Mozambique,2019,3.057,,,,,,,27.5,90.8
144,Mozambique,2020,3.228,,,,,,,28.7,91.9
144,Mozambique,2021,3.548,,,,,,,29.7,92.5
146,Republic of Moldova,2017,2.46,0.746,0.432,0.36,0.121,0.462,0.339,0.1,3.5
146,Republic of Moldova,2018,2.571,,,,,,,0.1,2.8
146,Republic of Moldova,2019,2.687,,,,,,,0.1,3.3
146,Republic of Moldova,2020,2.814,,,,,,,0.2,7.0
146,Republic of Moldova,2021,2.998,,,,,,,0.1,3.8
147,Namibia,2017,3.255,0.736,0.811,0.192,0.115,0.571,0.83,1.3,55.4
147,Namibia,2018,3.3,,,,,,,1.3,55.2
147,Namibia,2019,3.378,,,,,,,1.4,56.6
147,Namibia,2020,3.52,,,,,,,1.5,59.0
147,Namibia,2021,3.761,,,,,,,1.5,59.5
149,Nepal,2017,4.127,1.38,1.025,0.337,0.166,0.507,0.711,22.6,80.3
149,Nepal,2018,4.184,,,,,,,22.0,77.2
149,Nepal,2019,4.262,,,,,,,21.6,75.0
149,Nepal,2020,4.403,,,,,,,22.6,77.1
149,Nepal,2021,4.621,,,,,,,22.9,76.4
150,Netherlands (Kingdom of the),2017,2.743,0.614,0.607,0.255,0.053,0.322,0.892,0.1,0.4
150,Netherlands (Kingdom of the),2018,2.821,,,,,,,0.0,0.3
150,Netherlands (Kingdom of the),2019,2.932,,,,,,,0.0,0.2
150,Netherlands (Kingdom of the),2020,3.0,,,,,,,0.0,0.2
150,Netherlands (Kingdom of the),2021,2.963,,,,,,,0.0,0.1
154,North Macedonia,2017,3.318,0.949,0.64,0.347,0.146,0.525,0.712,0.4,20.1
154,North Macedonia,2018,3.324,,,,,,,0.4,17.7
154,North Macedonia,2019,3.464,,,,,,,0.3,16.6
154,North Macedonia,2020,3.427,,,,,,,0.4,17.5
154,North Macedonia,2021,3.616,,,,,,,0.3,15.5
156,New Zealand,2017,2.671,0.739,0.663,0.299,0.056,0.313,0.6,,
156,New Zealand,2018,2.589,,,,,,,,
156,New Zealand,2019,2.722,,,,,,,,
156,New Zealand,2020,2.817,,,,,,,,
156,New Zealand,2021,2.797,,,,,,,,
157,Nicaragua,2017,3.191,1.016,0.373,0.331,0.14,0.587,0.743,2.1,32.3
157,Nicaragua,2018,3.245,,,,,,,2.3,34.4
157,Nicaragua,2019,3.279,,,,,,,2.4,35.6
157,Nicaragua,2020,3.335,,,,,,,2.5,37.0
157,Nicaragua,2021,3.54,,,,,,,2.3,34.2
158,Niger,2017,2.85,1.138,0.601,0.094,0.144,0.401,0.473,20.2,92.9
158,Niger,2018,2.812,,,,,,,20.6,91.4
158,Niger,2019,2.792,,,,,,,21.2,90.4
158,Niger,2020,2.902,,,,,,,22.1,90.9
158,Niger,2021,3.155,,,,,,,23.2,92.0
159,Nigeria,2017,3.565,0.994,0.522,0.23,0.13,0.757,0.932,174.6,90.2
159,Nigeria,2018,3.724,,,,,,,180.6,91.1
159,Nigeria,2019,3.87,,,,,,,186.7,91.8
159,Nigeria,2020,4.016,,,,,,,194.0,93.1
159,Nigeria,2021,4.325,,,,,,,199.5,93.5
162,Norway,2017,3.325,0.691,0.615,0.257,0.075,0.565,1.122,0.0,0.6
162,Norway,2018,3.432,,,,,,,0.0,0.4
162,Norway,2019,3.479,,,,,,,0.0,0.4
162,Norway,2020,3.488,,,,,,,0.0,0.5
162,Norway,2021,3.361,,,,,,,0.0,0.3
165,Pakistan,2017,3.408,1.019,0.923,0.34,0.193,0.41,0.524,175.3,81.0
165,Pakistan,2018,3.395,,,,,,,175.4,79.8
165,Pakistan,2019,3.46,,,,,,,181.8,81.4
165,Pakistan,2020,3.685,,,,,,,189.7,83.5
165,Pakistan,2021,3.893,,,,,,,191.6,82.8
166,Panama,2017,4.225,1.11,0.654,0.306,0.17,0.69,1.295,0.7,17.5
166,Panama,2018,4.268,,,,,,,0.6,15.5
166,Panama,2019,4.382,,,,,,,0.6,15.2
166,Panama,2020,4.476,,,,,,,0.8,18.9
166,Panama,2021,4.687,,,,,,,0.7,17.0
167,Czechia,2017,2.899,0.7,0.693,0.377,0.076,0.297,0.757,0.0,0.2
167,Czechia,2018,2.921,,,,,,,0.0,0.1
167,Czechia,2019,3.025,,,,,,,0.0,0.2
167,Czechia,2020,3.003,,,,,,,0.0,0.1
167,Czechia,2021,2.985,,,,,,,0.0,0.1
169,Paraguay,2017,3.43,0.809,0.455,0.826,0.142,0.474,0.724,1.3,19.9
169,Paraguay,2018,3.511,,,,,,,1.2,18.3
169,Paraguay,2019,3.519,,,,,,,1.2,17.7
169,Paraguay,2020,3.543,,,,,,,1.3,20.3
169,Paraguay,2021,3.867,,,,,,,1.4,20.4
170,Peru,2017,3.084,0.898,0.57,0.35,0.122,0.591,0.552,8.4,26.6
170,Peru,2018,3.062,,,,,,,7.6,23.5
170,Peru,2019,3.098,,,,,,,7.0,21.4
170,Peru,2020,3.133,,,,,,,11.4,34.2
170,Peru,2021,3.334,,,,,,,8.6,25.7
171,Philippines,2017,3.843,1.095,0.591,0.319,0.201,0.684,0.953,74.8,70.1
171,Philippines,2018,3.994,,,,,,,76.0,70.0
171,Philippines,2019,4.054,,,,,,,75.5,68.4
171,Philippines,2020,4.118,,,,,,,83.2,74.2
171,Philippines,2021,4.364,,,,,,,84.3,74.0
173,Poland,2017,2.909,0.584,0.651,0.377,0.09,0.318,0.89,0.4,1.0
173,Poland,2018,2.986,,,,,,,0.6,1.5
173,Poland,2019,3.162,,,,,,,0.4,1.1
173,Poland,2020,3.21,,,,,,,0.5,1.3
173,Poland,2021,3.155,,,,,,,0.2,0.5
174,Portugal,2017,2.513,0.583,0.687,0.275,0.078,0.271,0.62,0.1,1.1
174,Portugal,2018,2.596,,,,,,,0.1,1.1
174,Portugal,2019,2.673,,,,,,,0.1,0.5
174,Portugal,2020,2.642,,,,,,,0.1,1.4
174,Portugal,2021,2.651,,,,,,,0.1,1.2
175,Guinea-Bissau,2017,3.164,0.569,0.528,0.069,0.146,0.576,1.277,1.6,84.4
175,Guinea-Bissau,2018,3.254,,,,,,,1.6,84.9
175,Guinea-Bissau,2019,3.335,,,,,,,1.6,82.9
175,Guinea-Bissau,2020,3.434,,,,,,,1.7,83.9
175,Guinea-Bissau,2021,3.694,,,,,,,1.7,84.6
179,Qatar,2017,2.375,0.679,0.478,0.311,0.071,0.344,0.493,,
179,Qatar,2018,2.426,,,,,,,,
179,Qatar,2019,2.484,,,,,,,,
179,Qatar,2020,2.577,,,,,,,,
179,Qatar,2021,2.708,,,,,,,,
181,Zimbabwe,2017,2.2,0.95,0.513,0.33,0.144,0.55,0.968,10.0,67.8
183,Romania,2017,2.921,0.945,0.697,0.351,0.073,0.358,0.497,2.3,11.9
183,Romania,2018,2.97,,,,,,,1.4,7.2
183,Romania,2019,3.133,,,,,,,1.7,8.8
183,Romania,2020,3.207,,,,,,,1.6,8.4
183,Romania,2021,3.253,,,,,,,1.4,7.2
184,Rwanda,2017,2.609,0.919,0.481,0.136,0.19,0.58,0.303,10.6,87.0
184,Rwanda,2018,2.483,,,,,,,10.5,83.9
184,Rwanda,2019,2.537,,,,,,,10.5,81.9
184,Rwanda,2020,2.698,,,,,,,11.1,84.6
184,Rwanda,2021,2.718,,,,,,,11.0,82.0
185,Russian Federation,2017,3.149,0.98,0.745,0.191,0.135,0.36,0.739,4.7,3.3
185,Russian Federation,2018,3.197,,,,,,,4.2,2.9
185,Russian Federation,2019,3.264,,,,,,,3.6,2.5
185,Russian Federation,2020,3.42,,,,,,,4.0,2.8
185,Russian Federation,2021,3.678,,,,,,,3.7,2.6
188,Saint Kitts and Nevis,2017,2.998,0.716,0.648,0.333,0.136,0.425,0.74,,
188,Saint Kitts and Nevis,2018,3.179,,,,,,,,
188,Saint Kitts and Nevis,2019,3.31,,,,,,,,
188,Saint Kitts and Nevis,2020,3.405,,,,,,,,
188,Saint Kitts and Nevis,2021,3.526,,,,,,,,
189,Saint Lucia,2017,3.263,0.848,0.479,0.334,0.205,0.509,0.888,0.0,20.9
189,Saint Lucia,2018,3.4,,,,,,,0.0,20.6
189,Saint Lucia,2019,3.517,,,,,,,0.0,21.2
189,Saint Lucia,2020,3.595,,,,,,,0.1,31.6
189,Saint Lucia,2021,3.673,,,,,,,0.0,27.2
191,Saint Vincent and the Grenadines,2017,4.131,0.78,0.427,0.605,0.229,0.822,1.269,,
191,Saint Vincent and the Grenadines,2018,4.232,,,,,,,,
191,Saint Vincent and the Grenadines,2019,4.293,,,,,,,,
191,Saint Vincent and the Grenadines,2020,4.454,,,,,,,,
191,Saint Vincent and the Grenadines,2021,4.697,,,,,,,,
193,Sao Tome and Principe,2017,3.288,1.015,0.241,0.392,0.117,0.477,1.046,0.2,76.6
193,Sao Tome and Principe,2018,3.394,,,,,,,0.2,76.3
193,Sao Tome and Principe,2019,3.503,,,,,,,0.2,76.7
193,Sao Tome and Principe,2020,3.634,,,,,,,0.2,77.3
193,Sao Tome and Principe,2021,3.869,,,,,,,0.2,78.2
194,Saudi Arabia,2017,3.441,1.031,0.739,0.303,0.173,0.457,0.738,,
194,Saudi Arabia,2018,3.663,,,,,,,,
194,Saudi Arabia,2019,3.888,,,,,,,,
194,Saudi Arabia,2020,4.148,,,,,,,,
194,Saudi Arabia,2021,4.441,,,,,,,,
195,Senegal,2017,2.19,0.377,0.422,0.124,0.19,0.401,0.677,8.1,53.5
195,Senegal,2018,2.25,,,,,,,7.5,48.0
195,Senegal,2019,2.278,,,,,,,7.3,45.9
195,Senegal,2020,2.33,,,,,,,7.6,46.2
195,Senegal,2021,2.443,,,,,,,7.6,45.0
196,Seychelles,2017,4.01,1.088,0.476,0.875,0.095,0.381,1.094,0.0,9.1
196,Seychelles,2018,3.959,,,,,,,0.0,7.8
196,Seychelles,2019,3.948,,,,,,,0.0,7.2
196,Seychelles,2020,3.784,,,,,,,0.0,7.5
196,Seychelles,2021,4.131,,,,,,,0.0,7.3
197,Sierra Leone,2017,2.842,0.754,0.298,0.257,0.122,0.655,0.756,6.5,84.2
197,Sierra Leone,2018,2.952,,,,,,,6.6,84.2
197,Sierra Leone,2019,2.847,,,,,,,6.5,81.3
197,Sierra Leone,2020,2.893,,,,,,,6.8,82.5
197,Sierra Leone,2021,3.167,,,,,,,7.0,83.5
198,Slovenia,2017,2.798,0.698,0.669,0.346,0.072,0.29,0.722,0.0,0.1
198,Slovenia,2018,2.902,,,,,,,0.0,0.1
198,Slovenia,2019,3.023,,,,,,,0.0,0.1
198,Slovenia,2020,3.095,,,,,,,0.0,0.0
198,Slovenia,2021,3.038,,,,,,,0.0,0.0
199,Slovakia,2017,3.013,0.667,0.634,0.311,0.077,0.35,0.974,0.1,2.1
199,Slovakia,2018,3.102,,,,,,,0.2,2.8
199,Slovakia,2019,3.242,,,,,,,0.1,1.4
199,Slovakia,2020,3.211,,,,,,,0.1,1.4
199,Slovakia,2021,3.198,,,,,,,0.1,2.3
200,Singapore,2017,2.775,0.611,0.615,0.324,0.102,0.519,0.605,,
200,Singapore,2018,2.867,,,,,,,,
200,Singapore,2019,2.936,,,,,,,,
200,Singapore,2020,3.064,,,,,,,,
200,Singapore,2021,3.186,,,,,,,,
202,South Africa,2017,4.102,1.059,0.727,0.852,0.129,0.633,0.702,37.0,65.3
202,South Africa,2018,4.147,,,,,,,37.2,64.9
202,South Africa,2019,4.199,,,,,,,37.8,65.1
202,South Africa,2020,4.299,,,,,,,39.4,67.0
202,South Africa,2021,4.565,,,,,,,39.6,66.7
203,Spain,2017,2.699,0.623,0.796,0.211,0.053,0.278,0.739,0.8,1.7
203,Spain,2018,2.741,,,,,,,0.9,1.9
203,Spain,2019,2.845,,,,,,,0.8,1.8
203,Spain,2020,2.841,,,,,,,1.0,2.0
203,Spain,2021,2.879,,,,,,,0.9,1.8
207,Suriname,2017,4.969,1.412,0.8,0.78,0.136,0.585,1.256,0.3,44.5
207,Suriname,2018,5.311,,,,,,,0.3,45.0
207,Suriname,2019,5.337,,,,,,,0.3,43.9
207,Suriname,2020,5.739,,,,,,,0.3,54.3
207,Suriname,2021,6.09,,,,,,,0.4,58.6
208,Tajikistan,2017,3.027,0.823,0.628,0.439,0.16,0.552,0.425,4.4,49.8
208,Tajikistan,2018,3.03,,,,,,,4.1,44.6
208,Tajikistan,2019,3.194,,,,,,,4.1,44.0
208,Tajikistan,2020,3.468,,,,,,,4.5,46.8
208,Tajikistan,2021,3.61,,,,,,,4.3,44.3
209,Eswatini,2017,3.428,1.136,0.524,0.342,0.154,0.506,0.766,0.9,77.1
209,Eswatini,2018,3.349,,,,,,,0.9,75.8
209,Eswatini,2019,3.395,,,,,,,0.9,75.0
209,Eswatini,2020,3.406,,,,,,,0.9,75.3
209,Eswatini,2021,3.537,,,,,,,0.9,73.8
210,Sweden,2017,3.086,0.644,0.773,0.347,0.085,0.47,0.766,0.1,0.6
210,Sweden,2018,3.164,,,,,,,0.1,1.2
210,Sweden,2019,3.274,,,,,,,0.1,0.6
210,Sweden,2020,3.309,,,,,,,0.1,0.8
210,Sweden,2021,3.279,,,,,,,0.1,0.6
211,Switzerland,2017,2.523,0.675,0.577,0.249,0.067,0.212,0.743,0.0,0.0
211,Switzerland,2018,2.591,,,,,,,0.0,0.0
211,Switzerland,2019,2.654,,,,,,,0.0,0.0
211,Switzerland,2020,2.639,,,,,,,0.0,0.0
211,Switzerland,2021,2.619,,,,,,,0.0,0.0
215,United Republic of Tanzania,2017,2.598,0.657,0.518,0.208,0.155,0.557,0.504,48.3,85.9
215,United Republic of Tanzania,2018,2.648,,,,,,,49.7,85.5
215,United Republic of Tanzania,2019,2.681,,,,,,,50.8,84.8
215,United Republic of Tanzania,2020,2.736,,,,,,,52.5,85.1
215,United Republic of Tanzania,2021,2.866,,,,,,,54.1,85.0
216,Thailand,2017,3.971,0.942,0.786,0.488,0.114,0.896,0.746,14.5,20.5
216,Thailand,2018,4.042,,,,,,,15.0,21.0
216,Thailand,2019,4.181,,,,,,,13.6,19.1
216,Thailand,2020,4.321,,,,,,,14.1,19.8
216,Thailand,2021,4.463,,,,,,,12.9,18.0
220,Trinidad and Tobago,2017,3.928,1.047,0.979,0.361,0.167,0.612,0.763,0.1,6.5
220,Trinidad and Tobago,2018,4.028,,,,,,,0.1,7.0
220,Trinidad and Tobago,2019,4.083,,,,,,,0.1,7.1
220,Trinidad and Tobago,2020,4.224,,,,,,,0.1,9.1
220,Trinidad and Tobago,2021,4.524,,,,,,,0.2,9.9
221,Oman,2017,2.815,0.842,0.378,0.351,0.148,0.496,0.599,,
221,Oman,2018,2.838,,,,,,,,
221,Oman,2019,2.921,,,,,,,,
221,Oman,2020,3.021,,,,,,,,
221,Oman,2021,3.141,,,,,,,,
222,Tunisia,2017,3.476,0.841,1.127,0.482,0.181,0.318,0.527,1.8,15.5
222,Tunisia,2018,3.559,,,,,,,1.8,14.9
222,Tunisia,2019,3.628,,,,,,,1.7,14.4
222,Tunisia,2020,3.639,,,,,,,2.2,18.0
222,Tunisia,2021,3.833,,,,,,,2.1,17.1
223,Türkiye,2017,2.873,0.817,0.85,0.271,0.127,0.36,0.448,5.0,6.1
223,Türkiye,2018,2.997,,,,,,,5.1,6.2
223,Türkiye,2019,3.189,,,,,,,7.5,8.9
223,Türkiye,2020,2.997,,,,,,,5.8,6.9
223,Türkiye,2021,3.109,,,,,,,5.1,6.0
224,Turks and Caicos Islands,2017,2.809,0.645,0.556,0.296,0.117,0.532,0.663,,
224,Turks and Caicos Islands,2018,2.893,,,,,,,,
224,Turks and Caicos Islands,2019,2.974,,,,,,,,
224,Turks and Caicos Islands,2020,3.075,,,,,,,,
224,Turks and Caicos Islands,2021,3.229,,,,,,,,
225,United Arab Emirates,2017,2.755,0.856,0.562,0.269,0.149,0.388,0.532,0.0,0.1
225,United Arab Emirates,2018,2.835,,,,,,,0.0,0.1
225,United Arab Emirates,2019,2.902,,,,,,,0.0,0.0
225,United Arab Emirates,2020,3.111,,,,,,,0.0,0.2
225,United Arab Emirates,2021,3.269,,,,,,,0.0,0.1
226,Uganda,2017,2.749,0.853,0.494,0.196,0.184,0.495,0.528,33.9,84.5
226,Uganda,2018,2.712,,,,,,,34.6,83.4
226,Uganda,2019,2.679,,,,,,,35.6,82.9
226,Uganda,2020,2.671,,,,,,,36.7,82.6
226,Uganda,2021,2.774,,,,,,,37.5,81.7
229,United Kingdom of Great Britain and Northern Ireland,2017,1.822,0.494,0.533,0.195,0.053,0.147,0.399,0.3,0.5
229,United Kingdom of Great Britain and Northern Ireland,2018,1.873,,,,,,,0.3,0.5
229,United Kingdom of Great Britain and Northern Ireland,2019,1.937,,,,,,,0.3,0.5
229,United Kingdom of Great Britain and Northern Ireland,2020,1.911,,,,,,,0.3,0.5
229,United Kingdom of Great Britain and Northern Ireland,2021,1.95,,,,,,,0.3,0.4
231,United States of America,2017,3.225,0.557,0.61,0.285,0.059,0.661,1.053,6.5,2.0
231,United States of America,2018,3.24,,,,,,,5.7,1.7
231,United States of America,2019,3.268,,,,,,,4.9,1.5
231,United States of America,2020,3.383,,,,,,,4.1,1.2
231,United States of America,2021,3.5,,,,,,,4.0,1.2
233,Burkina Faso,2017,3.173,1.145,0.354,0.127,0.19,0.439,0.917,16.5,83.0
233,Burkina Faso,2018,3.296,,,,,,,16.3,79.7
233,Burkina Faso,2019,3.24,,,,,,,16.1,76.8
233,Burkina Faso,2020,3.345,,,,,,,16.7,77.6
233,Burkina Faso,2021,3.611,,,,,,,17.2,77.6
234,Uruguay,2017,3.073,0.615,0.537,0.487,0.068,0.378,0.989,0.1,2.8
234,Uruguay,2018,3.17,,,,,,,0.1,3.0
234,Uruguay,2019,3.254,,,,,,,0.1,3.3
234,Uruguay,2020,3.414,,,,,,,0.2,5.3
234,Uruguay,2021,3.543,,,,,,,0.2,5.2
237,Viet Nam,2017,3.586,1.183,0.556,0.305,0.189,0.582,0.771,23.4,24.9
237,Viet Nam,2018,3.663,,,,,,,21.3,22.4
237,Viet Nam,2019,3.776,,,,,,,19.0,19.8
237,Viet Nam,2020,4.072,,,,,,,21.1,21.8
237,Viet Nam,2021,4.216,,,,,,,20.5,21.0
238,Ethiopia,2017,3.108,0.882,0.777,0.271,0.189,0.444,0.545,92.9,85.8
238,Ethiopia,2018,3.147,,,,,,,93.4,84.1
238,Ethiopia,2019,3.29,,,,,,,95.2,83.4
238,Ethiopia,2020,3.407,,,,,,,97.6,83.3
238,Ethiopia,2021,3.706,,,,,,,100.8,83.8
239,British Virgin Islands,2017,3.235,0.828,0.425,0.237,0.152,0.808,0.785,,
239,British Virgin Islands,2018,3.087,,,,,,,,
239,British Virgin Islands,2019,3.281,,,,,,,,
239,British Virgin Islands,2020,3.22,,,,,,,,
239,British Virgin Islands,2021,3.425,,,,,,,,
250,Democratic Republic of the Congo,2017,2.921,1.207,0.315,0.136,0.076,0.383,0.804,79.4,94.2
250,Democratic Republic of the Congo,2018,2.58,,,,,,,79.3,91.0
250,Democratic Republic of the Congo,2019,2.393,,,,,,,79.9,88.9
250,Democratic Republic of the Congo,2020,2.242,,,,,,,80.9,87.1
250,Democratic Republic of the Congo,2021,2.253,,,,,,,82.0,85.5
251,Zambia,2017,3.085,0.906,0.372,0.232,0.13,0.814,0.631,15.3,88.5
251,Zambia,2018,3.15,,,,,,,15.7,88.2
251,Zambia,2019,3.245,,,,,,,16.3,88.6
251,Zambia,2020,3.3,,,,,,,17.0,89.6
251,Zambia,2021,3.616,,,,,,,17.5,90.0
255,Belgium,2017,2.862,0.745,0.79,0.369,0.06,0.222,0.677,0.0,0.3
255,Belgium,2018,2.962,,,,,,,0.0,0.2
255,Belgium,2019,3.047,,,,,,,0.0,0.2
255,Belgium,2020,3.159,,,,,,,0.0,0.2
255,Belgium,2021,3.125,,,,,,,0.0,0.1
256,Luxembourg,2017,2.492,0.656,0.762,0.28,0.056,0.208,0.53,0.0,0.4
256,Luxembourg,2018,2.627,,,,,,,0.0,0.4
256,Luxembourg,2019,2.619,,,,,,,0.0,0.1
256,Luxembourg,2020,2.576,,,,,,,0.0,0.0
256,Luxembourg,2021,2.59,,,,,,,0.0,0.0
258,Anguilla,2017,,0.647,0.811,0.328,0.134,0.778,1.019,,
272,Serbia,2017,4.07,0.998,0.872,0.612,0.096,0.572,0.92,1.9,27.2
272,Serbia,2018,4.166,,,,,,,0.9,13.1
272,Serbia,2019,4.334,,,,,,,1.1,16.2
272,Serbia,2020,4.268,,,,,,,0.9,13.0
272,Serbia,2021,4.346,,,,,,,0.7,10.9
273,Montenegro,2017,3.397,0.862,0.833,0.367,0.081,0.425,0.829,0.1,15.9
273,Montenegro,2018,3.428,,,,,,,0.1,17.2
273,Montenegro,2019,3.644,,,,,,,0.1,17.4
273,Montenegro,2020,3.511,,,,,,,0.1,17.3
273,Montenegro,2021,3.673,,,,,,,0.1,14.9
276,Sudan,2017,3.674,1.203,0.48,0.509,0.211,0.547,0.723,36.0,88.4
276,Sudan,2018,3.921,,,,,,,38.2,90.9
276,Sudan,2019,4.306,,,,,,,40.5,93.6
276,Sudan,2020,4.308,,,,,,,41.8,94.1
276,Sudan,2021,3.081,,,,,,,39.0,85.4
279,Curaçao,2017,2.866,0.673,0.466,0.295,0.114,0.607,0.711,,
279,Curaçao,2018,2.988,,,,,,,,
279,Curaçao,2019,3.144,,,,,,,,
279,Curaçao,2020,3.236,,,,,,,,
279,Curaçao,2021,3.495,,,,,,,,
280,Sint Maarten (Dutch part),2017,4.462,0.864,0.905,0.328,0.195,1.26,0.91,,
280,Sint Maarten (Dutch part),2018,4.713,,,,,,,,
280,Sint Maarten (Dutch part),2019,4.835,,,,,,,,
280,Sint Maarten (Dutch part),2020,5.094,,,,,,,,
280,Sint Maarten (Dutch part),2021,5.273,,,,,,,,
299,Palestine,2017,3.342,1.127,0.695,0.187,0.122,0.649,0.564,0.8,18.0
299,Palestine,2018,3.398,,,,,,,0.8,18.4
299,Palestine,2019,3.493,,,,,,,0.8,18.0
299,Palestine,2020,3.356,,,,,,,1.0,20.0
299,Palestine,2021,3.285,,,,,,,0.8,15.4
